stock_code,stock_name,corp_cls,industry,current_per,current_pbr,current_bps,current_div,avg_per_3yr,avg_pbr_3yr,min_pbr_3yr,industry_avg_pbr,industry_avg_per
313760,캐리,일반기업,IT,0.0,0.18,2581.0,0.0,,1.7440909090909091,0.18,2.4466197183098592,35.69043661971831
115160,휴맥스,일반기업,IT,0.0,0.19,3632.0,0.0,,0.3680165289256198,0.16,2.4466197183098592,35.69043661971831
123840,뉴온,일반기업,IT,0.0,0.2,2846.0,0.0,,0.6127272727272727,0.18,2.4466197183098592,35.69043661971831
061040,알에프텍,일반기업,IT,0.0,0.22,7214.0,0.0,18.619121756487026,0.4603030303030303,0.21,2.4466197183098592,35.69043661971831
065130,탑엔지니어링,일반기업,IT,0.0,0.23,13002.0,0.0,5.280753138075314,0.3999586776859504,0.22,2.4466197183098592,35.69043661971831
106080,케이이엠텍,일반기업,IT,0.0,0.24,1382.0,0.0,123.41281632653062,4.643939393939394,0.21,2.4466197183098592,35.69043661971831
096690,에이루트,일반기업,IT,0.0,0.24,4764.0,0.0,11.741306122448979,0.4024517906336088,0.21,2.4466197183098592,35.69043661971831
079950,인베니아,일반기업,IT,0.0,0.27,3561.0,0.0,3.24,0.5333608815426997,0.27,2.4466197183098592,35.69043661971831
276040,스코넥,일반기업,IT,0.0,0.28,1225.0,0.0,,2.7668547249647393,0.28,2.4466197183098592,35.69043661971831
009310,참엔지니어링,일반기업,IT,0.0,0.29,3665.0,0.0,,0.41454545454545455,0.25,2.4466197183098592,35.69043661971831
028080,휴맥스홀딩스,일반기업,IT,0.0,0.3,4943.0,0.0,,0.4602892561983471,0.25,2.4466197183098592,35.69043661971831
064520,테크엘,일반기업,IT,0.0,0.38,4448.0,0.0,8.6341796875,0.6613223140495867,0.32,2.4466197183098592,35.69043661971831
050110,캠시스,일반기업,IT,0.0,0.38,4437.0,0.0,17.66265306122449,0.9103581267217631,0.38,2.4466197183098592,35.69043661971831
032680,소프트센,일반기업,IT,0.0,0.48,504.0,0.0,5.637480916030534,0.827038567493113,0.44,2.4466197183098592,35.69043661971831
240600,유진테크놀로지,일반기업,IT,0.0,0.49,6594.0,0.0,46.40491803278689,1.4302901023890786,0.42,2.4466197183098592,35.69043661971831
301300,바이브컴퍼니,일반기업,IT,0.0,0.5,4777.0,0.0,1.7823430962343096,3.302534435261708,0.44,2.4466197183098592,35.69043661971831
091120,이엠텍,일반기업,IT,0.0,0.5,12451.0,0.0,18.565152671755726,1.6903443526170798,0.48,2.4466197183098592,35.69043661971831
039290,인포뱅크,일반기업,IT,0.0,0.54,8249.0,0.23,37.4649500998004,1.058595041322314,0.48,2.4466197183098592,35.69043661971831
393970,대진첨단소재,일반기업,IT,0.0,0.54,5231.0,0.0,443.68864864864867,1.462557251908397,0.47,2.4466197183098592,35.69043661971831
085810,알티캐스트,일반기업,IT,0.0,0.55,763.0,0.0,,0.9526997245179063,0.53,2.4466197183098592,35.69043661971831
121850,코이즈,일반기업,IT,0.0,0.58,3368.0,0.0,,2.6235399449035812,0.58,2.4466197183098592,35.69043661971831
012340,뉴인텍,일반기업,IT,0.0,0.59,505.0,0.0,208.23529411764707,1.5464600550964187,0.59,2.4466197183098592,35.69043661971831
271830,팸텍,일반기업,IT,0.0,0.61,2318.0,0.0,7.976443514644352,0.8491163793103448,0.57,2.4466197183098592,35.69043661971831
297890,HB솔루션,일반기업,IT,0.0,0.63,3021.0,1.58,6.453173652694611,1.4731129476584022,0.6,2.4466197183098592,35.69043661971831
361610,SK아이이테크놀로지,일반기업,IT,0.0,0.67,32604.0,0.0,30.423359375,1.5139807162534435,0.57,2.4466197183098592,35.69043661971831
097800,윈팩,일반기업,IT,0.0,0.7,568.0,0.0,,1.3175206611570247,0.69,2.4466197183098592,35.69043661971831
303530,이노뎁,일반기업,IT,0.0,0.76,5239.0,0.0,104.21737603305785,1.6024793388429752,0.76,2.4466197183098592,35.69043661971831
079190,케스피온,일반기업,IT,0.0,0.77,470.0,0.0,7.8730125523012555,1.3761845730027549,0.74,2.4466197183098592,35.69043661971831
376980,원티드랩,일반기업,IT,0.0,0.81,4087.0,0.0,24.812255489021958,1.7148484848484848,0.8,2.4466197183098592,35.69043661971831
049950,미래컴퍼니,일반기업,IT,0.0,0.84,15898.0,0.0,28.093293413173654,1.455771349862259,0.8,2.4466197183098592,35.69043661971831
361670,삼영에스앤씨,일반기업,IT,0.0,0.84,3591.0,0.0,,1.2598209366391184,0.75,2.4466197183098592,35.69043661971831
367000,플래티어,일반기업,IT,0.0,0.87,4552.0,0.0,19.952366412213742,1.227465564738292,0.74,2.4466197183098592,35.69043661971831
033230,인성정보,일반기업,IT,0.0,0.92,1756.0,0.0,110.76965648854961,1.3681129476584022,0.8,2.4466197183098592,35.69043661971831
140430,카티스,일반기업,IT,0.0,0.93,687.0,0.0,,1.297111111111111,0.87,2.4466197183098592,35.69043661971831
360070,탑머티리얼,일반기업,IT,0.0,0.99,17646.0,0.0,30.389800399201597,3.213374655647383,0.88,2.4466197183098592,35.69043661971831
431190,케이쓰리아이,일반기업,IT,0.0,0.99,4063.0,0.0,26.394787878787877,1.9304358974358975,0.95,2.4466197183098592,35.69043661971831
450520,인스웨이브시스템즈,일반기업,IT,0.0,1.0,2992.0,0.0,11.792161458333334,2.284926108374384,0.86,2.4466197183098592,35.69043661971831
302430,이노메트리,일반기업,IT,0.0,1.02,6488.0,0.0,30.261477045908183,1.6672038567493113,0.9,2.4466197183098592,35.69043661971831
064480,브리지텍,일반기업,IT,0.0,1.05,4040.0,2.35,23.69243512974052,1.5004545454545455,1.01,2.4466197183098592,35.69043661971831
320000,한울반도체,일반기업,IT,0.0,1.09,1342.0,0.0,37.679261477045905,2.196418732782369,1.06,2.4466197183098592,35.69043661971831
300120,라온피플,일반기업,IT,0.0,1.14,868.0,0.0,,2.364641873278237,1.1,2.4466197183098592,35.69043661971831
328380,솔트웨어,일반기업,IT,0.0,1.18,670.0,0.0,46.69644351464435,1.7723413258110015,1.02,2.4466197183098592,35.69043661971831
419080,엔젯,일반기업,IT,0.0,1.24,4016.0,0.0,186.21902892561982,2.7597658402203855,1.18,2.4466197183098592,35.69043661971831
464500,아이언디바이스,일반기업,IT,0.0,1.42,2232.0,0.0,,2.213631436314363,1.25,2.4466197183098592,35.69043661971831
051980,중앙첨단소재,일반기업,IT,0.0,1.56,962.0,0.0,,6.528181818181818,1.36,2.4466197183098592,35.69043661971831
352910,오비고,일반기업,IT,0.0,1.63,2784.0,0.0,191.39150627615064,2.422685950413223,1.38,2.4466197183098592,35.69043661971831
411080,샌즈랩,일반기업,IT,0.0,1.81,3274.0,0.0,154.25389221556887,18.908085399449035,1.62,2.4466197183098592,35.69043661971831
047560,이스트소프트,일반기업,IT,0.0,1.83,6692.0,0.0,21.881176470588237,3.0310468319559227,1.62,2.4466197183098592,35.69043661971831
068100,케이웨더,일반기업,IT,0.0,1.94,1337.0,0.0,105.18531914893617,3.5661252446183953,1.88,2.4466197183098592,35.69043661971831
109960,AP헬스케어,일반기업,건강관리,0.0,0.11,1503.0,0.0,7.9050390625,0.2053030303030303,0.1,5.495086206896552,36.42640804597701
003060,에이프로젠바이오로직스,일반기업,건강관리,0.0,0.13,1916.0,0.0,16.82232824427481,0.31362258953168043,0.13,5.495086206896552,36.42640804597701
043100,알파녹스,일반기업,건강관리,0.0,0.28,1842.0,0.0,,1.0863223140495868,0.27,5.495086206896552,36.42640804597701
137310,에스디바이오센서,일반기업,건강관리,0.0,0.31,24236.0,2.7,1.4164503816793892,0.436267217630854,0.3,5.495086206896552,36.42640804597701
239610,에이치엘사이언스,일반기업,건강관리,0.0,0.38,18564.0,0.0,47.72354961832061,0.6596418732782369,0.38,5.495086206896552,36.42640804597701
205470,휴마시스,일반기업,건강관리,0.0,0.38,2026.0,0.0,1.6262213740458016,0.7603443526170799,0.34,5.495086206896552,36.42640804597701
002210,동성제약,일반기업,건강관리,0.0,0.4,2413.0,0.0,,2.1190633608815426,0.4,5.495086206896552,36.42640804597701
036220,오상헬스케어,일반기업,건강관리,0.0,0.4,20840.0,6.03,2.06989010989011,0.6853614457831325,0.4,5.495086206896552,36.42640804597701
225220,제놀루션,일반기업,건강관리,0.0,0.41,4447.0,0.0,4.910152671755725,0.6435674931129477,0.36,5.495086206896552,36.42640804597701
084650,랩지노믹스,일반기업,건강관리,0.0,0.43,2914.0,0.0,5.161297709923664,0.9713223140495868,0.43,5.495086206896552,36.42640804597701
214610,미코바이오메드,일반기업,건강관리,0.0,0.46,5030.0,0.0,,2.1407988980716253,0.45,5.495086206896552,36.42640804597701
238200,비피도,일반기업,건강관리,0.0,0.49,5707.0,0.0,30.285968063872257,0.7378236914600551,0.44,5.495086206896552,36.42640804597701
183490,엔지켐생명과학,일반기업,건강관리,0.0,0.49,2014.0,0.0,,0.6644214876033058,0.44,5.495086206896552,36.42640804597701
122310,제노레이,일반기업,건강관리,0.0,0.64,6769.0,4.15,6.815089820359281,0.9137878787878788,0.56,5.495086206896552,36.42640804597701
244460,올리패스,일반기업,건강관리,0.0,0.66,2498.0,0.0,,3.935358126721763,0.66,5.495086206896552,36.42640804597701
011000,진원생명과학,일반기업,건강관리,0.0,0.73,1072.0,0.0,,1.6959641873278237,0.73,5.495086206896552,36.42640804597701
288330,브릿지바이오,일반기업,건강관리,0.0,0.84,509.0,0.0,,4.012479338842975,0.84,5.495086206896552,36.42640804597701
278650,HLB바이오스텝,일반기업,건강관리,0.0,0.9,1329.0,0.0,29.964117647058824,2.211143250688705,0.83,5.495086206896552,36.42640804597701
335810,프리시젼바이오,일반기업,건강관리,0.0,1.02,2213.0,0.0,,1.4935399449035813,0.91,5.495086206896552,36.42640804597701
104540,코렌텍,일반기업,건강관리,0.0,1.03,5368.0,0.0,54.70502994011976,1.5738567493112947,0.86,5.495086206896552,36.42640804597701
039840,디오,일반기업,건강관리,0.0,1.12,14657.0,0.0,72.854765625,1.6206887052341599,1.06,5.495086206896552,36.42640804597701
064550,바이오니아,일반기업,건강관리,0.0,1.22,8288.0,0.0,77.2019465648855,2.94965564738292,1.22,5.495086206896552,36.42640804597701
149980,하이로닉,일반기업,건강관리,0.0,1.23,4147.0,0.0,29.605269461077846,1.6696831955922864,1.16,5.495086206896552,36.42640804597701
060590,씨티씨바이오,일반기업,건강관리,0.0,1.27,2912.0,0.0,34.99130612244898,2.2538567493112946,1.25,5.495086206896552,36.42640804597701
334970,프레스티지바이오로직스,일반기업,건강관리,0.0,1.36,1739.0,0.0,,2.848099173553719,1.35,5.495086206896552,36.42640804597701
460470,아이빔테크놀로지,일반기업,건강관리,0.0,1.56,2073.0,0.0,,3.2158646616541353,1.32,5.495086206896552,36.42640804597701
387570,파인메딕스,일반기업,건강관리,0.0,1.73,3827.0,0.0,35.484375,2.340590163934426,1.58,5.495086206896552,36.42640804597701
302440,SK바이오사이언스,대기업,건강관리,0.0,1.77,23007.0,0.0,104.9875249500998,2.5179201101928377,1.62,5.495086206896552,36.42640804597701
214680,디알텍,일반기업,건강관리,0.0,1.78,921.0,0.0,37.31217557251908,2.9596556473829203,1.58,5.495086206896552,36.42640804597701
373110,엑셀세라퓨틱스,일반기업,건강관리,0.0,1.92,736.0,0.0,,10.906192771084337,1.77,5.495086206896552,36.42640804597701
199550,레이저옵텍,일반기업,건강관리,0.0,2.05,2458.0,0.0,4035.428870292887,3.358405172413793,1.86,5.495086206896552,36.42640804597701
462510,라메디텍,일반기업,건강관리,0.0,2.07,2214.0,0.0,,6.105241379310344,1.85,5.495086206896552,36.42640804597701
439580,블루엠텍,일반기업,건강관리,0.0,2.31,1407.0,0.0,,23.801705565529623,2.11,5.495086206896552,36.42640804597701
226330,신테카바이오,일반기업,건강관리,0.0,2.31,1368.0,0.0,,3.9386088154269974,2.12,5.495086206896552,36.42640804597701
067370,선바이오,일반기업,건강관리,0.0,2.35,2201.0,0.0,90.92848303393214,3.8579063360881545,2.25,5.495086206896552,36.42640804597701
461030,아이엠비디엑스,일반기업,건강관리,0.0,2.68,2315.0,0.0,,11.827391304347826,2.62,5.495086206896552,36.42640804597701
382150,온코크로스,일반기업,건강관리,0.0,4.24,1725.0,0.0,,5.981354838709677,3.6,5.495086206896552,36.42640804597701
002070,비비안,일반기업,경기관련소비재,0.0,0.13,2922.0,0.0,,0.31526170798898073,0.12,1.2572538860103628,21.06658031088083
143210,핸즈코퍼레이션,일반기업,경기관련소비재,0.0,0.15,7762.0,0.0,,0.2403305785123967,0.13,1.2572538860103628,21.06658031088083
145210,다이나믹디자인,일반기업,경기관련소비재,0.0,0.16,1374.0,0.0,,1.177038567493113,0.16,1.2572538860103628,21.06658031088083
008600,윌비스,일반기업,경기관련소비재,0.0,0.19,13440.0,0.0,,0.32614325068870526,0.18,1.2572538860103628,21.06658031088083
065060,지엔코,일반기업,경기관련소비재,0.0,0.21,2747.0,0.0,,0.673374655647383,0.19,1.2572538860103628,21.06658031088083
110790,크리스에프앤씨,일반기업,경기관련소비재,0.0,0.23,17178.0,5.13,6.291437125748503,0.4140220385674931,0.22,1.2572538860103628,21.06658031088083
014100,메디앙스,일반기업,경기관련소비재,0.0,0.25,6521.0,0.0,4.5117578125,0.35673553719008266,0.23,1.2572538860103628,21.06658031088083
308100,형지글로벌,일반기업,경기관련소비재,0.0,0.25,3822.0,0.0,,0.5071074380165289,0.24,1.2572538860103628,21.06658031088083
214330,금호에이치티,일반기업,경기관련소비재,0.0,0.26,1497.0,0.0,,0.391900826446281,0.25,1.2572538860103628,21.06658031088083
067170,오텍,일반기업,경기관련소비재,0.0,0.3,6110.0,0.0,,0.46918732782369144,0.28,1.2572538860103628,21.06658031088083
069920,엑시온그룹,일반기업,경기관련소비재,0.0,0.33,1299.0,0.0,3.813529411764706,1.171749311294766,0.32,1.2572538860103628,21.06658031088083
005360,모나미,일반기업,경기관련소비재,0.0,0.35,4845.0,1.78,18.017519083969464,0.4887190082644628,0.34,1.2572538860103628,21.06658031088083
007720,소노스퀘어,일반기업,경기관련소비재,0.0,0.39,1000.0,0.0,,0.6608539944903581,0.39,1.2572538860103628,21.06658031088083
064800,포니링크,일반기업,경기관련소비재,0.0,0.39,1573.0,0.0,3.4105882352941177,0.7596005509641873,0.38,1.2572538860103628,21.06658031088083
069640,한세엠케이,일반기업,경기관련소비재,0.0,0.41,1494.0,0.0,,0.9182782369146005,0.35,1.2572538860103628,21.06658031088083
095720,웅진씽크빅,일반기업,경기관련소비재,0.0,0.41,2611.0,8.47,88.25,0.6905785123966942,0.38,1.2572538860103628,21.06658031088083
145170,노브랜드,일반기업,경기관련소비재,0.0,0.41,9397.0,0.0,148.2625663716814,0.8162527716186253,0.35,1.2572538860103628,21.06658031088083
009810,플레이그램,일반기업,경기관련소비재,0.0,0.43,2420.0,0.0,45.82734693877551,0.8914325068870523,0.42,1.2572538860103628,21.06658031088083
011330,유니켐,일반기업,경기관련소비재,0.0,0.46,1343.0,0.0,54.008702290076336,1.0422038567493113,0.46,1.2572538860103628,21.06658031088083
093240,형지엘리트,일반기업,경기관련소비재,0.0,0.46,2049.0,0.0,12.674333843797855,0.6966115702479339,0.43,1.2572538860103628,21.06658031088083
260930,씨티케이,일반기업,경기관련소비재,0.0,0.47,8374.0,2.54,15.162594142259413,0.6425068870523416,0.43,1.2572538860103628,21.06658031088083
289010,아이스크림에듀,일반기업,경기관련소비재,0.0,0.51,3091.0,0.0,63.574,0.7328512396694215,0.47,1.2572538860103628,21.06658031088083
038880,아이에이,일반기업,경기관련소비재,0.0,0.57,232.0,0.0,79.17117647058824,1.0752203856749312,0.51,1.2572538860103628,21.06658031088083
198940,한주라이트메탈,일반기업,경기관련소비재,0.0,0.57,1208.0,0.0,638.7728244274809,1.098457300275482,0.49,1.2572538860103628,21.06658031088083
018700,바른손,일반기업,경기관련소비재,0.0,0.62,846.0,0.0,4.524705882352941,1.0505922865013775,0.6,1.2572538860103628,21.06658031088083
066910,손오공,일반기업,경기관련소비재,0.0,0.74,746.0,0.0,18.192941176470587,2.347272727272727,0.74,1.2572538860103628,21.06658031088083
024890,대원화성,일반기업,경기관련소비재,0.0,0.75,1027.0,0.0,,1.073953168044077,0.67,1.2572538860103628,21.06658031088083
406820,뷰티스킨,일반기업,경기관련소비재,0.0,0.75,2414.0,0.0,17.203862433862433,1.5137519142419602,0.73,1.2572538860103628,21.06658031088083
105550,엣지파운드리,일반기업,경기관련소비재,0.0,0.92,1214.0,0.0,,1.8901652892561982,0.92,1.2572538860103628,21.06658031088083
015020,이스타코,일반기업,금융,0.0,0.48,963.0,0.0,19.38,0.7665977961432507,0.43,0.6324031007751938,11.157054263565891
388610,지에프씨생명과학,일반기업,기타,0.0,3.83,2483.0,0.0,,6.437978723404255,3.72,4.898,22.008
084180,수성웹툰,일반기업,산업재,0.0,0.15,7164.0,0.0,,0.8877685950413223,0.15,2.7303282828282827,40.44651515151515
008250,이건산업,일반기업,산업재,0.0,0.19,19779.0,2.66,13.030458015267175,0.30192837465564737,0.18,2.7303282828282827,40.44651515151515
004870,티웨이홀딩스,일반기업,산업재,0.0,0.24,1325.0,0.0,8.015103305785123,0.4128099173553719,0.24,2.7303282828282827,40.44651515151515
013890,지누스,대기업,산업재,0.0,0.34,30684.0,0.85,42.344510978043914,0.5932920110192837,0.34,2.7303282828282827,40.44651515151515
119650,KC코트렐,일반기업,산업재,0.0,0.35,2632.0,0.0,4.785882352941177,0.8123691460055097,0.35,2.7303282828282827,40.44651515151515
043220,티에스넥스젠,일반기업,산업재,0.0,0.41,4150.0,0.0,,1.0386776859504132,0.38,2.7303282828282827,40.44651515151515
056730,CNT85,일반기업,산업재,0.0,0.43,1021.0,0.0,19.31504132231405,1.3773691460055095,0.43,2.7303282828282827,40.44651515151515
206400,베노티앤알,일반기업,산업재,0.0,0.46,2538.0,0.0,13.500588235294117,1.213870523415978,0.45,2.7303282828282827,40.44651515151515
030960,양지사,일반기업,산업재,0.0,0.49,13435.0,0.76,72.62434237995825,0.8292699724517907,0.47,2.7303282828282827,40.44651515151515
060150,인선이엔티,대기업,산업재,0.0,0.57,7245.0,0.0,81.67061876247504,0.8214462809917356,0.53,2.7303282828282827,40.44651515151515
043910,자연과환경,일반기업,산업재,0.0,0.61,791.0,0.0,121.07363636363637,1.035426997245179,0.59,2.7303282828282827,40.44651515151515
065950,웰크론,일반기업,산업재,0.0,0.69,2213.0,0.0,114.3258396946565,0.9383195592286502,0.67,2.7303282828282827,40.44651515151515
073190,듀오백,일반기업,산업재,0.0,1.02,1178.0,0.0,,1.5541460055096419,0.93,2.7303282828282827,40.44651515151515
060310,3S,일반기업,산업재,0.0,1.3,933.0,0.0,65.85494097807756,2.389228650137741,1.19,2.7303282828282827,40.44651515151515
407400,꿈비,일반기업,산업재,0.0,1.4,2837.0,0.0,64.6506106870229,5.416101928374656,1.39,2.7303282828282827,40.44651515151515
006840,AK홀딩스,일반기업,소재,0.0,0.2,40295.0,4.94,4.632845188284519,0.32056473829201104,0.19,1.292880658436214,23.2440329218107
006740,영풍제지,일반기업,소재,0.0,0.28,1973.0,0.0,93.09167938931297,2.239504132231405,0.26,1.292880658436214,23.2440329218107
001020,페이퍼코리아,일반기업,소재,0.0,0.38,1595.0,0.0,4.836328125,0.5461157024793388,0.37,1.292880658436214,23.2440329218107
042040,케이피엠테크,일반기업,소재,0.0,0.39,393.0,0.0,10.151589958158995,0.5954820936639118,0.35,1.292880658436214,23.2440329218107
009730,이렘,일반기업,소재,0.0,0.59,933.0,0.0,242.85646694214876,2.0531955922865013,0.57,1.292880658436214,23.2440329218107
027580,상보,일반기업,소재,0.0,0.66,905.0,0.0,89.04157684630738,1.292052341597796,0.57,1.292880658436214,23.2440329218107
023440,제이스코홀딩스,일반기업,소재,0.0,0.7,744.0,0.0,,1.4502617079889808,0.7,1.292880658436214,23.2440329218107
016100,리더스코스메틱,일반기업,소재,0.0,0.74,2036.0,0.0,216.65598326359833,1.1184710743801654,0.65,1.292880658436214,23.2440329218107
037370,EG,일반기업,소재,0.0,0.75,6681.0,0.0,31.564117647058822,1.2842837465564738,0.7,1.292880658436214,23.2440329218107
270520,앱트뉴로사이언스,일반기업,에너지,0.0,0.31,510.0,0.0,,4.565096418732782,0.31,2.826111111111111,538.2472222222223
035620,바른손이앤에이,일반기업,전기통신서비스,0.0,0.27,913.0,0.0,7.3094117647058825,0.5155234159779615,0.26,1.3924615384615384,34.702
032800,판타지오,일반기업,전기통신서비스,0.0,0.31,1069.0,0.0,,1.1805096418732781,0.29,1.3924615384615384,34.702
299900,위지윅스튜디오,일반기업,전기통신서비스,0.0,0.44,989.0,0.0,5.097322175732217,1.722754820936639,0.42,1.3924615384615384,34.702
063080,컴투스홀딩스,일반기업,전기통신서비스,0.0,0.48,36433.0,0.0,10.117058823529412,0.6642148760330578,0.41,1.3924615384615384,34.702
068050,팬엔터테인먼트,일반기업,전기통신서비스,0.0,0.55,2843.0,0.0,10.3686328125,1.0337741046831956,0.52,1.3924615384615384,34.702
043610,KT지니뮤직,일반기업,전기통신서비스,0.0,0.59,2843.0,0.0,10.690061983471075,0.9373278236914601,0.57,1.3924615384615384,34.702
060570,드림어스컴퍼니,대기업,전기통신서비스,0.0,0.63,1940.0,0.0,6.540285714285714,1.0736225895316804,0.57,1.3924615384615384,34.702
089600,나스미디어,대기업,전기통신서비스,0.0,0.64,17644.0,6.17,9.67,0.9394765840220386,0.64,1.3924615384615384,34.702
012170,아센디오,일반기업,전기통신서비스,0.0,0.65,1880.0,0.0,,2.0715977961432506,0.63,1.3924615384615384,34.702
052770,아이톡시,일반기업,전기통신서비스,0.0,0.69,452.0,0.0,,5.737823691460055,0.69,1.3924615384615384,34.702
293490,카카오게임즈,대기업,전기통신서비스,0.0,0.71,16316.0,0.0,5.759411764705883,1.1324242424242423,0.71,1.3924615384615384,34.702
101730,위메이드맥스,일반기업,전기통신서비스,0.0,0.77,5994.0,0.0,30.389235537190082,3.4694077134986228,0.77,1.3924615384615384,34.702
351870,차이커뮤니케이션,일반기업,전기통신서비스,0.0,0.83,4541.0,0.0,,1.3016,0.83,1.3924615384615384,34.702
241840,에이스토리,일반기업,전기통신서비스,0.0,0.83,6184.0,0.0,23.77624750499002,1.6925482093663913,0.83,1.3924615384615384,34.702
200350,아티스트스튜디오,일반기업,전기통신서비스,0.0,0.83,5417.0,0.0,41.20764705882353,2.085523415977961,0.72,1.3924615384615384,34.702
361570,알비더블유,일반기업,전기통신서비스,0.0,0.86,2224.0,0.0,266.0929007633588,1.2394077134986226,0.76,1.3924615384615384,34.702
048910,대원미디어,일반기업,전기통신서비스,0.0,0.91,8033.0,0.0,22.72479041916168,1.2933471074380165,0.84,1.3924615384615384,34.702
036420,콘텐트리중앙,대기업,전기통신서비스,0.0,0.94,5658.0,0.0,,2.3576859504132233,0.94,1.3924615384615384,34.702
289220,자이언트스텝,일반기업,전기통신서비스,0.0,1.07,3077.0,0.0,,1.944504132231405,0.98,1.3924615384615384,34.702
